{"cameraMode":{"drawMode":0,"name":"Shaded","section":"Shading Mode"},"sceneLighting":true,"audioPlay":false,"sceneViewState":{"showFog":true,"showMaterialUpdate":true,"showSkybox":true,"showFlares":true,"showImageEffects":true,"showParticleSystems":true},"in2DMode":false,"pivot":{"x":0.013445854187011719,"y":1.8600285053253174,"z":0.371889591217041},"rotation":{"x":0.13730834424495698,"y":0.7162377238273621,"z":-0.14697317779064179,"w":0.6683508157730103},"size":9.048569679260254,"orthographic":false}